N° BCE,Organisation publique,Catégorie,Nom du bâtiment,Adresse,Indice d’émission de CO2 [kg éq CO2/(m².an)],Niveau de performance énergétique [kWhEP/(m².an)],Classe,# Catégorie
0678.485.603,Agence Bruxelloise pour l'accompagnement de l'entreprise SA,1 - Services administratifs,ABAE/BAOB,"Chaussée de Charleroi 110, 1060 Saint-Gilles",35.65,215.73,C+,1
0207.202.193,COMMUNE DE SAINT-JOSSE-TEN-NOODE,3 - Enseignement du jour OU du soir,Académie des beaux-arts et école Joseph Delclef,"Rue Potagère 52, 1210 Saint-Josse-ten-Noode",21.83,125.74,C,3
0240.682.635,Commission communautaire flamande,1 - Services administratifs,Admin. Huis Leo II,"Boulevard Léopold II 178, 1080 Molenbeek-Saint-Jean",41.86,237.01,C,1
0207.202.193,COMMUNE DE SAINT-JOSSE-TEN-NOODE,1 - Services administratifs,Administration communale de Saint-Josse-ten-Noode,"Avenue de l'Astronomie 12, 1210 Saint-Josse-ten-Noode",52.54,312.45,D+,1
0316.380.841,Ministère de la Communauté flamande,"13 - Ateliers, centres funéraires, dépôts, ...",Agence des routes et du trafic,"Avenue des Olympiades 10, 1140 Evere",33.44,194.89,C-,13
0723.708.783,Agence européenne de défense,1 - Services administratifs,Agence européenne de défense,"Rue des Drapiers 17, 1050 Ixelles",57.68,352.48,D,1
0206.734.318,Fedris,1 - Services administratifs,Agence fédérale des risques professionnels,"Avenue de l'Astronomie 1, 1210 Saint-Josse-ten-Noode",68.02,407.83,D-,1
0214.596.464,bpost,1 - Services administratifs,Anderlecht Demosthene,"Boulevard Maurice Herbette 4, 1070 Anderlecht",65.99,387.96,D-,1
0214.596.464,bpost,1 - Services administratifs,Anderlecht Rue de l'Autonomie,"Rue de l'Autonomie 6, 1070 Anderlecht",45.8,289.86,C-,1
0214.596.464,bpost,1 - Services administratifs,Anderlecht Vaillance,"Place de la Vaillance 32, 1070 Anderlecht",75.89,461.89,E,1
0316.380.841,Ministère de la Communauté flamande,1 - Services administratifs,Arenberg,"Rue d'Arenberg 5, 1000 Bruxelles",44.66,278.11,C-,1
"0872.234.193,0410.716.014","La Trap',Institut Saint-Stanislas A.S.B.L.",11 - Théatres et centres culturels,Atelier 210 et Institut Saint-Stanislas,"Chaussée Saint-Pierre 210, 1040 Etterbeek",29.73,132.22,B-,11
0207.365.610,Administration communale d'Etterbeek,"13 - Ateliers, centres funéraires, dépôts, ...",Atelier Communal Voiries,"Place du Rinsdelle 24, 1040 Etterbeek",39.81,227.34,D+,13
0206.733.130,Conseil Central de l'Economie,1 - Services administratifs,Av Auderghem 18-20,"Avenue d'Auderghem 18, 1040 Bruxelles",30.21,175.89,B-,1
0458.880.274,Haute Ecole Galilée - HEG,5 - Enseignement supérieur,Avenue d'Auderghem 77,"Avenue d'Auderghem 77, 1040 Etterbeek",29.81,176.64,C-,5
0207.202.193,COMMUNE DE SAINT-JOSSE-TEN-NOODE,11 - Théatres et centres culturels,Avenue des Arts,"Avenue des Arts 16, 1210 Saint-Josse-ten-Noode",41.46,239.88,D+,11
0949.383.342,Commission européenne,1 - Services administratifs,B232,"Rue Breydel 4, 1040 Bruxelles",54.96,337.24,D+,1
0949.383.342,Commission européenne,1 - Services administratifs,B-28,"Rue Belliard 28, 1040 Bruxelles",62.88,394.06,D-,1
0203.201.340,Banque Nationale de Belgique,1 - Services administratifs,Banque Nationale de Belgique,"Boulevard de Berlaimont 3, 1000 Bruxelles",33.79,203.12,C+,1
0203.201.340,Banque Nationale de Belgique,1 - Services administratifs,Banque Nationale de Belgique ,"Boulevard de Berlaimont 14, 1000 Bruxelles",34.6,212.49,C+,1
"0243.405.860,0316.380.841","Institut Belge des postes et télécommunications,Ministère de la Communauté flamande",1 - Services administratifs,Bâtiment Ellips,"Boulevard du Roi Albert II 35, 1030 Schaerbeek",71.31,441.09,E+,1
0316.380.841,Ministère de la Communauté flamande,1 - Services administratifs,Bâtiment Ferraris,"Boulevard du Roi Albert II 20, 1000 Bruxelles",40.48,249.9,C,1
0207.372.637,AC Watermael-Boitsfort,1 - Services administratifs,Bâtiment La Source,"Drève du Duc 2, 1170 Watermael-Boitsfort",46.49,263.1,C,1
0949.383.342,Commission européenne,1 - Services administratifs,BERL,"Rue de la Loi 200, 1040 Bruxelles",68.94,425.5,E+,1
0207.373.429,Ville de Bruxelles,11 - Théatres et centres culturels,Beurs,"Rue Henri Maus 2, 1000 Bruxelles",24.52,145,C+,11
0207.202.193,COMMUNE DE SAINT-JOSSE-TEN-NOODE,"12 - Musées, bibliothèques, médiathèques et services similaires",Bibliothèque communale de Saint-Josse-ten-Noode,"Rue de la Limite 2, 1210 Saint-Josse-ten-Noode",29.74,171.52,C,12
0207.372.637,AC Watermael-Boitsfort,1 - Services administratifs,Bibliothèques / Centre administratif,"Rue des Trois Tilleuls 32, 1170 Watermael-Boitsfort",32.19,182.05,B-,1
0308.357.753,Service public fédéral Justice,1 - Services administratifs,Bordet A,"Boulevard de Waterloo 115, 1000 Bruxelles",40.43,238.42,C,1
0308.357.753,Service public fédéral Justice,1 - Services administratifs,Bordet D,"Rue Evers 2, 1000 Bruxelles",50.72,309.14,D+,1
0949.383.342,Commission européenne,1 - Services administratifs,BRE2,"Avenue d'Auderghem 19, 1040 Bruxelles",46.92,289.18,C-,1
0949.383.342,Commission européenne,1 - Services administratifs,BREY,"Avenue d'Auderghem 45, 1040 Bruxelles",51.99,318.17,D+,1
0214.596.464,bpost,1 - Services administratifs,Bruxelles de Brouckere,"Boulevard Anspach 1, 1000 Bruxelles",63.77,383.61,D-,1
0214.596.464,bpost,1 - Services administratifs,Bruxelles Madou,"Boulevard Bischoffsheim 11, 1000 Bruxelles",45.89,270.26,C-,1
0240.682.635,Commission communautaire flamande,"13 - Ateliers, centres funéraires, dépôts, ...",BTC Loods,"Rue de la Technologie 19, 1082 Berchem-Sainte-Agathe",36.56,213.56,D+,13
0949.383.342,Commission européenne,1 - Services administratifs,BU-1-5-9,"Avenue de Beaulieu 1, 1160 Auderghem",60.03,364.07,D,1
0949.383.342,Commission européenne,1 - Services administratifs,BU24,"Avenue de Beaulieu 24, 1160 Auderghem",48.87,294.85,C-,1
0949.383.342,Commission européenne,1 - Services administratifs,BU25,"Avenue de Beaulieu 25, 1160 Auderghem",47.85,294.43,C-,1
0949.383.342,Commission européenne,1 - Services administratifs,BU29,"Avenue de Beaulieu 29, 1160 Auderghem",52.63,324.34,D+,1
0949.383.342,Commission européenne,1 - Services administratifs,BU31,"Avenue de Beaulieu 31, 1160 Auderghem",40.44,247.53,C,1
0949.383.342,Commission européenne,1 - Services administratifs,BU33,"Avenue de Beaulieu 33, 1160 Auderghem",58.4,361.68,D,1
0949.383.342,Commission européenne,1 - Services administratifs,C-25,"Avenue de Cortenbergh 25, 1040 Bruxelles",48.8,296.86,C-,1
0478.379.452,SINT-GOEDELE BRUSSEL,3 - Enseignement du jour OU du soir,Campus De Haven,"Rue de Molenbeek 173, 1020 Bruxelles",22.48,129.82,C,3
0439.174.725,Campus Saint-Jean ASBL,3 - Enseignement du jour OU du soir,Campus Saint-Jean (site complet),"Rue de Birmingham 41, 1080 Molenbeek-Saint-Jean",27.53,122.34,C+,3
0478.379.452,SINT-GOEDELE BRUSSEL,4 - Enseignement du jour ET du soir,Campus SPOOR WEST,"Rue Verheyden 39, 1070 Anderlecht",27.16,159.11,C,4
"0861.748.691,0456.686.490","Centre D'Accueil et de Traitement du Solbosch,L'Ambulatoire - Forest","8 - Maisons de repos, maisons de revalidation et de soins et services similaires, établissements pénitentiaires",C.A.T.S. - Le Solbosch,"Chaussée d'Alsemberg 204, 1190 Forest",46.66,273.28,C,8
0430.941.504,C.B.B.D. - B.S.C.,"12 - Musées, bibliothèques, médiathèques et services similaires",CBBD-BCB,"Rue des Sables 20, 1000 Bruxelles",33.81,203.99,C-,12
0949.383.342,Commission européenne,1 - Services administratifs,CCAB,"Rue Froissart 36, 1040 Etterbeek",80.4,491.62,E,1
0949.383.342,Commission européenne,1 - Services administratifs,CDMA,"Rue du Champ de Mars 21, 1050 Ixelles",59.29,360.06,D,1
0240.682.635,Commission communautaire flamande,11 - Théatres et centres culturels,Centre de jeunesse Alleman,"Avenue de la Sablière 2, 1160 Auderghem",29.37,172.48,C,11
0240.682.635,Commission communautaire flamande,11 - Théatres et centres culturels,Centre de Jeunesse Aximax,"Rue John Waterloo Wilson 19, 1000 Bruxelles",45.46,260.32,D,11
0240.682.635,Commission communautaire flamande,11 - Théatres et centres culturels,Centre de Jeunesse 'Centrum West',"Rue de Menin 24, 1080 Molenbeek-Saint-Jean",33.34,188.24,C,11
0240.682.635,Commission communautaire flamande,11 - Théatres et centres culturels,Centre de jeunesse Vereniging voor Marokkaanse Jongeren,"Rue de la Vermicellerie 10, 1080 Molenbeek-Saint-Jean",38.97,221.86,C-,11
0887.937.406,Centre Hospitalier Valida,6 - Hôpitaux,Centre Hospitalier Valida,"Avenue Josse Goffin 180, 1082 Berchem-Sainte-Agathe",80.59,478.19,D,6
0472.937.059,CHIREC,6 - Hôpitaux,Centre médical Europe-Lambermont,"Rue des Pensées 1, 1030 Schaerbeek",49.19,241.15,C+,6
"0207.373.429,0214.596.464","Ville de Bruxelles,bpost",1 - Services administratifs,Centre Monnaie,"Boulevard Anspach 6, 1000 Bruxelles",57.83,352.22,D,1
0207.365.610,Administration communale d'Etterbeek,1 - Services administratifs,Centre PsychoMedicoSocial PMS,"Rue Fétis 37, 1040 Etterbeek",42.89,242.18,C,1
0416.288.465,Centre Scolaire de Ma Campagne asbl,3 - Enseignement du jour OU du soir,Centre Scolaire de Ma Campagne,"Rue Africaine 36, 1060 Saint-Gilles",14.35,83.09,B,3
0416.288.465,Centre Scolaire de Ma Campagne asbl,3 - Enseignement du jour OU du soir,Centre Scolaire de Ma Campagne,"Rue Africaine 3, 1050 Ixelles",23.47,121.48,C+,3
0416.288.465,Centre Scolaire de Ma Campagne asbl,3 - Enseignement du jour OU du soir,Centre Scolaire de Ma Campagne,"Rue du Page 78, 1050 Ixelles",22.13,126.76,C,3
0414.213.952,Centre scolaire du Sacré-Coeur de Jette ASBL,3 - Enseignement du jour OU du soir,Centre Scolaire du Sacré-Coeur de Jette,"Avenue du Sacré-Coeur 8, 1090 Jette",20.11,109.36,C+,3
0430.786.995,Centre scolaire Maria Assumpta,3 - Enseignement du jour OU du soir,Centre Scolaire Maria Assumpta,"Avenue Wannecouter 115, 1020 Bruxelles",19.85,114.97,C+,3
0414.872.166,Centre d'Enseignement Notre-Dame des Champs asbl,3 - Enseignement du jour OU du soir,Centre Scolaire Notre-Dame des Champs,"Rue Edith Cavell 143, 1180 Uccle",19.25,93.47,B-,3
0406.653.494,Communauté éducative Sainte-Marie de Schaerbeek et Saint-Josse,3 - Enseignement du jour OU du soir,Centre Scolaire Sainte Marie La Sagesse,"Chaussée de Haecht 164, 1030 Schaerbeek",24.95,113.42,C+,3
0949.383.342,Commission européenne,1 - Services administratifs,CHAR,"Rue de la Loi 170, 1040 Bruxelles",51.94,319.43,D+,1
0308.357.852,SPF Mobilité et Transports,1 - Services administratifs,"City Atrium A, B","Rue du Progrès 56, 1210 Saint-Josse-ten-Noode",58.4,358.83,D,1
0314.595.348,"SPF Economie, PME, Classes moyennes et Energie",1 - Services administratifs,City Atrium C,"Rue du Progrès 50, 1210 Saint-Josse-ten-Noode",41.61,254.05,C,1
0215.984.554,Société de Développement pour la Région de Bruxelles-Capitale,1 - Services administratifs,citydev.brussels,"Rue Gabrielle Petit 6, 1080 Molenbeek-Saint-Jean",34.67,204.64,C+,1
0472.937.059,CHIREC,6 - Hôpitaux,Clinique de la Basilique,"Rue Pangaert 37, 1083 Ganshoren",74.8,454.84,D,6
"0476.058.479,0472.937.059","CEBIODI ASBL,CHIREC",6 - Hôpitaux,Clinique Sainte-Anne Saint-Remi,"Boulevard Jules Graindor 66, 1070 Anderlecht",83.55,502.3,D-,6
"0476.058.479,0409.890.128","CEBIODI ASBL,Clinique Saint-Jean",6 - Hôpitaux,Clinique Saint-Jean (Botanique),"Boulevard du Jardin Botanique 32, 1000 Bruxelles",95.46,577.04,E,6
"0409.890.128,0416.862.349,0476.058.479","Clinique Saint-Jean,Clinique Sanatia - Centre médico-social Sanatia,CEBIODI ASBL",6 - Hôpitaux,Clinique Saint-Jean (Méridien),"Rue du Méridien 100, 1210 Saint-Josse-ten-Noode",63.29,368.41,C-,6
0949.383.342,Commission européenne,2 - Crèches,CLOV/WILS,"Boulevard Clovis 75, 1000 Bruxelles",37.32,226.07,C,2
0443.638.012,Maison diocésaine de l'enseignement : CoDiEC Bxl-BW,1 - Services administratifs,Codiec BxL-BW,"Avenue de l'Eglise Saint-Julien 15, 1160 Auderghem",21.72,123.81,B,1
0949.383.342,Commission européenne,2 - Crèches,COLE,"Rue Général Leman 60, 1040 Etterbeek",52.46,310.84,D+,2
0413.553.956,Collège du Sacré-Coeur ASBL,3 - Enseignement du jour OU du soir,Collège du Sacré Coeur de Ganshoren (BCDE),"Rue Louis Delhove 65, 1083 Ganshoren",18.55,105.76,C+,3
0413.553.956,Collège du Sacré-Coeur ASBL,3 - Enseignement du jour OU du soir,Collège du Sacré-Coeur de Ganshoren (F),"Avenue des Gloires Nationales 100, 1083 Ganshoren",22.88,132.93,C,3
0412.732.228,Centre d'Enseignement Catholique Robert et Laure Brunner A.S.B.L.,3 - Enseignement du jour OU du soir,Collège Roi Baudoin ETP et Ecole Louise de Marillac (Site Emeraude),"Avenue Eugène Plasky 184, 1030 Schaerbeek",25.43,145.26,C,3
0412.732.228,Centre d'Enseignement Catholique Robert et Laure Brunner A.S.B.L.,3 - Enseignement du jour OU du soir,Collège Roi Baudoin ETP (Site Diamant),"Avenue de l'Emeraude 7, 1030 Schaerbeek",18.71,106.86,C+,3
0412.732.228,Centre d'Enseignement Catholique Robert et Laure Brunner A.S.B.L.,3 - Enseignement du jour OU du soir,Collège Roi Baudoin ETP (Site Milcamps),"Avenue Milcamps 181, 1030 Schaerbeek",22.6,126.39,C,3
0428.402.181,Collège Saint Vincent - Saint François,3 - Enseignement du jour OU du soir,Collège Saint-François,"Rue des Mérisiers 7, 1050 Ixelles",26.92,121.76,C+,3
0409.817.080,Collège Saint-Hubert - asbl,3 - Enseignement du jour OU du soir,Collège Saint-Hubert,"Avenue Charle-Albert 9, 1170 Watermael-Boitsfort",35.53,207.81,D,3
0412.666.308,Centre scolaire catholique Bruxelles Nord Ouest,3 - Enseignement du jour OU du soir,Collège Saint-Pierre Jette (Batiment A),"Rue Jean-Baptiste Verbeyst 25/A, 1090 Jette",27.87,144.41,C,3
0412.666.308,Centre scolaire catholique Bruxelles Nord Ouest,3 - Enseignement du jour OU du soir,Collège Saint-Pierre Jette (Batiments B-C),"Rue Jean-Baptiste Verbeyst 25/B, 1090 Jette",14.19,74.18,B,3
0412.666.308,Centre scolaire catholique Bruxelles Nord Ouest,3 - Enseignement du jour OU du soir,Collège Saint-Pierre Jette (fondamental/écran),"Rue Léon Theodor 153, 1090 Jette",27.42,143.84,C,3
0412.666.308,Centre scolaire catholique Bruxelles Nord Ouest,3 - Enseignement du jour OU du soir,Collège Saint-Pierre Jette (piscine/gym),"Boulevard de Smet de Naeyer 229, 1090 Jette",143.16,718.48,G,3
0428.402.181,Collège Saint Vincent - Saint François,3 - Enseignement du jour OU du soir,Collège St-Vincent (Rue Gachard),"Rue Gachard 36, 1050 Ixelles",22.06,125.12,C+,3
0428.402.181,Collège Saint Vincent - Saint François,3 - Enseignement du jour OU du soir,Collège St-Vincent (Vleurgat),"Chaussée de Vleurgat 55, 1050 Ixelles",18.35,103.08,B-,3
0408.142.643,Comité Scolaire Saint-Denis à Forest,3 - Enseignement du jour OU du soir,Comité Scolaire Saint-Denis,"Chaussée de Bruxelles 217, 1190 Forest",18.24,103.51,B-,3
0207.202.193,COMMUNE DE SAINT-JOSSE-TEN-NOODE,1 - Services administratifs,Commissariat de police,"Rue de Bériot 2, 1210 Saint-Josse-ten-Noode",33.07,194.39,C+,1
0240.682.437,Commission communautaire française,1 - Services administratifs,Commission communautaire française,"Rue du Meiboom 14, 1000 Bruxelles",44.44,258.39,C,1
0240.682.437,Commission communautaire française,1 - Services administratifs,Commission communautaire française,"Rue des Palais 42, 1030 Schaerbeek",33.75,201.77,C+,1
0316.380.841,Ministère de la Communauté flamande,1 - Services administratifs,Complexe Place des Martyrs Nord,"Rue aux Choux 35, 1000 Bruxelles",36.83,220.75,C+,1
0316.380.841,Ministère de la Communauté flamande,1 - Services administratifs,Complexe Place des Martyrs Sud,"Place des Martyrs 7, 1000 Bruxelles",34.73,209.62,C+,1
0316.380.841,Ministère de la Communauté flamande,1 - Services administratifs,Conscience,"Boulevard du Roi Albert II 15, 1210 Saint-Josse-ten-Noode",35.64,218.14,C+,1
"0206.733.229,0206.733.130","Conseil national du Travail,Conseil Central de l'Economie",1 - Services administratifs,Conseil Central de l'Economie,"Avenue de la Joyeuse Entrée 17, 1040 Bruxelles",16.38,97.21,B+,1
0253.777.437,Conseil economique et Social de la Région de Bruxelles-Capitale,1 - Services administratifs,Conseil Economique et Social de la Région Bruxelles-Capital,"Boulevard Bischoffsheim 26, 1000 Bruxelles",32.46,190.04,B-,1
0949.383.342,Commission européenne,1 - Services administratifs,COVE/COV2,"Place Charles Rogier 16, 1210 Saint-Josse-ten-Noode",54.89,334.35,D+,1
0207.202.193,COMMUNE DE SAINT-JOSSE-TEN-NOODE,2 - Crèches,Crèche communale Reine Elisabeth,"Rue de l'Abondance 17, 1210 Saint-Josse-ten-Noode",63.64,362.95,D-,2
0207.372.637,AC Watermael-Boitsfort,2 - Crèches,Crèche Gilson,"Chaussée de La Hulpe 342, 1170 Watermael-Boitsfort",62.3,350.16,D,2
0203.389.204,Société Coopérative Intercommunale de Crémation,"13 - Ateliers, centres funéraires, dépôts, ...",Crematorium Intercommunal de Bruxelles,"Avenue du Silence 61, 1180 Uccle",146.46,886.2,G,13
0548.895.779,Centre interfédéral pour l'égalité des chances et la lutte contre le racisme et les discriminations,1 - Services administratifs,Crown Center,"Rue Royale 138, 1000 Bruxelles",28.11,152.14,B,1
0949.383.342,Commission européenne,1 - Services administratifs,CSM1,"Rue Père de Deken 23, 1040 Etterbeek",42.9,258.92,C,1
0414.371.429,Centre scolaire Notre-Dame de la Sagesse,3 - Enseignement du jour OU du soir,CS Notre Dame de la Sagesse,"Avenue Van Overbeke 10A, 1083 Ganshoren",21.01,120.58,C+,3
0414.872.166,Centre d'Enseignement Notre-Dame des Champs asbl,10 - Centres sportifs,C.S. Notre-Dame des Champs : Hall des sports ,"Rue Zeecrabbe 24, 1180 Uccle",22.99,102.7,B+,10
0478.379.452,SINT-GOEDELE BRUSSEL,4 - Enseignement du jour ET du soir,CVO Lethas Brussel,"Place Rouppe 16, 1000 Bruxelles",38.01,226.9,D,4
0949.383.342,Commission européenne,"13 - Ateliers, centres funéraires, dépôts, ...",DAV1,"Avenue du Bourget 1, 1140 Evere",51.6,315.23,E,13
0949.383.342,Commission européenne,1 - Services administratifs,DM24,"Rue Demot 24, 1040 Etterbeek",47.23,288.95,C-,1
0949.383.342,Commission européenne,1 - Services administratifs,DM28,"Rue Demot 28, 1040 Etterbeek",49.6,298.98,C-,1
0207.202.193,COMMUNE DE SAINT-JOSSE-TEN-NOODE,3 - Enseignement du jour OU du soir,Ecole Arc-en-Ciel,"Rue de l'Abondance 19, 1210 Saint-Josse-ten-Noode",14.45,83.8,B,3
0207.372.637,AC Watermael-Boitsfort,3 - Enseignement du jour OU du soir,"ECOLE COMMUNALE ""LA ROSERAIE""","Rue du Loutrier 47, 1170 Watermael-Boitsfort",34.46,195.22,D,3
0422.682.943,Pouvoir Organisateur de la Sainte-Famille à Watermael,3 - Enseignement du jour OU du soir,Ecole de la Sainte Famille,"Avenue Léopold Wiener 34, 1170 Watermael-Boitsfort",32.4,164.8,C-,3
0417.191.852,Institut Notre Dame de Joie ,3 - Enseignement du jour OU du soir,Ecole des 4 Vents,"Rue de Heembeek 60, 1120 Bruxelles",13.3,78.18,B,3
0414.213.952,Centre scolaire du Sacré-Coeur de Jette ASBL,3 - Enseignement du jour OU du soir,Ecole du Sacré-Coeur de Jette,"Avenue du Sacré-Coeur 4, 1090 Jette",19.72,112.18,C+,3
0207.202.193,COMMUNE DE SAINT-JOSSE-TEN-NOODE,3 - Enseignement du jour OU du soir,Ecole fondamentale communale Henri Frick,"Rue Braemt 55, 1210 Saint-Josse-ten-Noode",30.48,173.28,D+,3
0408.140.168,Ecole Fondamentale Libre Saint-Augustin,3 - Enseignement du jour OU du soir,Ecole Fondamentale Libre Saint-Augustin,"Avenue Saint-Augustin 16, 1190 Forest",14.71,80.93,B,3
0408.183.027,Comité scolaire Sainte-Alène,3 - Enseignement du jour OU du soir,Ecole fondamentale libre Sainte-Alène,"Avenue Kersbeek 7, 1190 Forest",26.04,112.35,C+,3
0430.786.995,Centre scolaire Maria Assumpta,3 - Enseignement du jour OU du soir,Ecole Fondamentale Maria Assumpta,"Rue de Beyseghem 174, 1120 Bruxelles",16.92,99.37,B-,3
0406.466.721,Institut Notre Dame,4 - Enseignement du jour ET du soir,Ecole Industrielle Notre Dame (Jorez),"Rue Jorez 8, 1070 Anderlecht",22.95,131.56,C+,4
0430.290.614,ETABLISSEMENT JOIE DE VIVRE,3 - Enseignement du jour OU du soir,Ecole Joie de Vivre ,"Avenue Jean-Joseph Crocq 10, 1090 Jette",34.57,196.48,D,3
0419.753.840,La Cime asbl,3 - Enseignement du jour OU du soir,Ecole La Cime - asbl,"Rue de Mérode 398, 1190 Forest",20.86,121.27,C+,3
0207.202.193,COMMUNE DE SAINT-JOSSE-TEN-NOODE,3 - Enseignement du jour OU du soir,Ecole Les Tournesols,"Rue Saint-François 19, 1210 Saint-Josse-ten-Noode",25.04,141.22,C,3
0207.372.637,AC Watermael-Boitsfort,3 - Enseignement du jour OU du soir,Ecole maternelle Les aigrettes,"Rue des Aigrettes 6, 1170 Watermael-Boitsfort",46.4,260.56,E,3
0421.029.686,Ecole maternelle et primaire Notre-Dame de la Consolation,3 - Enseignement du jour OU du soir,Ecole Notre-Dame de la Consolation ,"Rue du Bourdon 27, 1180 Uccle",20.85,120.24,C+,3
0409.817.080,Collège Saint-Hubert - asbl,3 - Enseignement du jour OU du soir,Ecole Saint-Hubert - Chaudron,"Avenue Joseph Chaudron 115, 1160 Auderghem",18.86,109.72,C+,3
0409.817.080,Collège Saint-Hubert - asbl,3 - Enseignement du jour OU du soir,Ecole Saint-Hubert - Van Horenbeeck,"Avenue Jean Van Horenbeeck 196, 1160 Auderghem",34.71,169.04,D+,3
0410.706.809,SPES,3 - Enseignement du jour OU du soir,Ecole Saint-Jean et Nicolas,"Rue d'Anethan 33, 1030 Schaerbeek",21.85,125.62,C,3
0413.310.268,Institut de la Sainte Famille d'Helmet ASBL,3 - Enseignement du jour OU du soir,Ecole Saint Joseph Evere,"Rue du Bon Pasteur 3, 1140 Evere",42.11,185.29,D+,3
0207.372.637,AC Watermael-Boitsfort,11 - Théatres et centres culturels,Ecuries,"Hondenberg 4, 1170 Watermael-Boitsfort",37.37,212.46,C-,11
0850.000.211,ENSAV - La Cambre,5 - Enseignement supérieur,ENSAV - La Cambre,"Abbaye de la Cambre 14, 1000 Bruxelles",32.35,187.26,C-,5
0850.000.211,ENSAV - La Cambre,3 - Enseignement du jour OU du soir,ENSAV - La Cambre,"Avenue Louise 425A, 1050 Bruxelles",26.75,159.02,C-,3
"0220.916.609,0850.000.211","Communauté française,ENSAV - La Cambre",1 - Services administratifs,ENSAV - La Cambre,"Avenue Franklin Roosevelt 27, 1050 Bruxelles",31.82,154.05,B-,1
"0850.000.211,0220.916.609","ENSAV - La Cambre,Communauté française",5 - Enseignement supérieur,ENSAV - La Cambre,"Abbaye de la Cambre 21, 1000 Bruxelles",36.55,210.49,D+,5
"0220.916.609,0850.000.211","Communauté française,ENSAV - La Cambre",5 - Enseignement supérieur,ENSAV - La Cambre,"Avenue Louise 427, 1050 Bruxelles",27.79,164.77,C,5
0435.187.629,EPFC,4 - Enseignement du jour ET du soir,EPFC,"Avenue de l'Astronomie 19, 1210 Saint-Josse-ten-Noode",43.03,259.69,E+,4
0214.596.464,bpost,1 - Services administratifs,Etterbeek Chasse,"Rue des Champs 49, 1040 Etterbeek",55.79,333.07,D+,1
0214.596.464,bpost,1 - Services administratifs,Etterbeek Tervueren,"Avenue de Tervueren 32, 1040 Etterbeek",30.35,192.07,C+,1
"0308.357.852,0208.312.646,0869.909.460,0308.358.050,0367.303.762","SPF Mobilité et Transports,Régie Des Bâtiments,Police Fédérale,SPF Emploi, Travail et Concertation sociale,SPF Santé publique, Sécurité de la Chaîne alimentaire et Environnement",1 - Services administratifs,Eurostation (Blerot),"Rue Ernest Blerot 1, 1070 Anderlecht",26.06,157.58,B-,1
"0367.303.762,0308.356.862","SPF Santé publique, Sécurité de la Chaîne alimentaire et Environnement,SPF Intérieur",1 - Services administratifs,Eurostation Instruction,"Place Victor Horta 40, 1060 Saint-Gilles",28.95,177.74,B-,1
0207.202.193,COMMUNE DE SAINT-JOSSE-TEN-NOODE,10 - Centres sportifs,Euro Tennis Club Saint-Josse,"Avenue des Communautés 12, 1200 Woluwe-Saint-Lambert",33.13,204.27,B-,10
0214.596.464,bpost,1 - Services administratifs,Evere Haecht,"Chaussée de Haecht 1031J, 1140 Evere",45.24,283.18,C-,1
0949.383.342,Commission européenne,1 - Services administratifs,F101,"Rue Froissart 101, 1040 Bruxelles",48.38,293.76,C-,1
0408.945.070,Centre de jour et centre d'hébergement pour adultes ayant une déficienc motrice ,"8 - Maisons de repos, maisons de revalidation et de soins et services similaires, établissements pénitentiaires",Facere,"Rue Meylemeersch 72, 1070 Anderlecht",37.96,220.79,C+,8
0308.357.159,SPF Finances,1 - Services administratifs,FOD Financiën Thesaurie,"Avenue des Arts 28, 1040 Bruxelles",43.97,263.17,C,1
0207.365.610,Administration communale d'Etterbeek,"8 - Maisons de repos, maisons de revalidation et de soins et services similaires, établissements pénitentiaires",Fondation JOURDAN BEAUPORT,"Chaussée de Wavre 541, 1040 Etterbeek",78.59,463.13,E+,8
0427.273.221,Fonds du Logement de la Région de Bruxelles-Capitale,1 - Services administratifs,Fonds du Logement de la Région Bruxelles-Capitale.,"Rue de l'Eté 73, 1050 Ixelles",38.05,223.88,C+,1
0214.596.464,bpost,1 - Services administratifs,Forest Saint-Denis,"Place Saint-Denis 14, 1190 Forest",74.36,450.72,E+,1
0949.383.342,Commission européenne,1 - Services administratifs,G--1,"Rue de Genève 1, 1140 Evere",44.93,277.97,C-,1
0949.383.342,Commission européenne,1 - Services administratifs,G-12,"Rue de Genève 12, 1140 Evere",45.73,276.46,C-,1
0949.383.342,Commission européenne,1 - Services administratifs,G--6,"Rue de Genève 6, 1140 Evere",42.97,261.85,C,1
0207.202.193,COMMUNE DE SAINT-JOSSE-TEN-NOODE,"13 - Ateliers, centres funéraires, dépôts, ...",Garage communal,"Rue Saint-Josse 71, 1210 Saint-Josse-ten-Noode",59.34,343.98,E-,13
0207.365.610,Administration communale d'Etterbeek,1 - Services administratifs,Garage Communal,"Place du Quatre Août 13, 1040 Etterbeek",62.91,368.2,D,1
0207.372.637,AC Watermael-Boitsfort,11 - Théatres et centres culturels,Gare de Watermael,"Avenue des Taillis 4, 1170 Watermael-Boitsfort",49.38,275.13,D,11
0240.682.635,Commission communautaire flamande,11 - Théatres et centres culturels,GC De Kriekelaar,"Rue Gallait 86, 1030 Schaerbeek",35.3,205.63,C-,11
0240.682.635,Commission communautaire flamande,11 - Théatres et centres culturels,GC De Kroon,"Rue Jean-Baptiste Vandendriesch 19, 1082 Berchem-Sainte-Agathe",47.16,274.61,D,11
0240.682.635,Commission communautaire flamande,11 - Théatres et centres culturels,GC De Linde,"Rue de Cortenbach 7, 1130 Bruxelles",37.98,220.42,C-,11
0240.682.635,Commission communautaire flamande,10 - Centres sportifs,GC De Maalbeek,"Rue du Cornet 97, 1040 Etterbeek",34.71,201.33,B-,10
0240.682.635,Commission communautaire flamande,11 - Théatres et centres culturels,GC De Markten,"Rue du Vieux Marché aux Grains 5, 1000 Bruxelles",33.41,200.16,C-,11
0240.682.635,Commission communautaire flamande,11 - Théatres et centres culturels,GC Den Dam,"Chaussée de Wavre 1741, 1160 Auderghem",29.21,173.06,C,11
0240.682.635,Commission communautaire flamande,11 - Théatres et centres culturels,GC De Platoo,"Avenue du Panthéon 14, 1081 Koekelberg",64.53,374.13,E-,11
0240.682.635,Commission communautaire flamande,11 - Théatres et centres culturels,GC De Vaartkapoen,"Rue de l'Ecole 76, 1080 Molenbeek-Saint-Jean",44.68,262.48,D,11
0240.682.635,Commission communautaire flamande,11 - Théatres et centres culturels,GC De Zeyp,"Avenue Van Overbeke 164, 1083 Ganshoren",43.74,263.52,D,11
0240.682.635,Commission communautaire flamande,11 - Théatres et centres culturels,GC Elzenhof,"Avenue de la Couronne 12, 1050 Ixelles",32.51,188.54,C,11
0240.682.635,Commission communautaire flamande,11 - Théatres et centres culturels,GC Essegem,"Rue Léopold I 329, 1090 Jette",50.83,301.52,D-,11
0240.682.635,Commission communautaire flamande,11 - Théatres et centres culturels,GC Everna,"Rue Saint-Vincent 30, 1140 Evere",39.06,226,D+,11
0240.682.635,Commission communautaire flamande,11 - Théatres et centres culturels,GC Kontakt,"Avenue Orban 54, 1150 Woluwe-Saint-Pierre",26.84,155,C+,11
0240.682.635,Commission communautaire flamande,11 - Théatres et centres culturels,GC Op-Weule,"Rue Saint-Lambert 91, 1200 Woluwe-Saint-Lambert",41.98,246.58,D+,11
0240.682.635,Commission communautaire flamande,11 - Théatres et centres culturels,GC Pianofabriek,"Rue du Fort 35, 1060 Saint-Gilles",39.9,218.47,C-,11
0240.682.635,Commission communautaire flamande,11 - Théatres et centres culturels,GC Ten Noey,"Rue de la Commune 25, 1210 Saint-Josse-ten-Noode",28.98,169.69,C,11
0240.682.635,Commission communautaire flamande,11 - Théatres et centres culturels,GC Ten Weyngaert,"Rue des Alliés 54, 1190 Forest",41.9,245.53,D+,11
0240.682.635,Commission communautaire flamande,11 - Théatres et centres culturels,GC Wabo,"Avenue Delleur 39, 1170 Watermael-Boitsfort",40.99,233.79,D+,11
0449.012.406,V.U.B.,1 - Services administratifs,Gebouw KRC,"Boulevard de la Plaine 2, 1050 Ixelles",72.45,410.23,D-,1
0308.357.753,Service public fédéral Justice,1 - Services administratifs,GEVANGENIS(VROUW GEVANG.ARBEID),"Rue Berkendael 44, 1190 Forest",59.13,345.43,D,1
0458.880.274,Haute Ecole Galilée - HEG,5 - Enseignement supérieur,HEG - Cornet ECSEDI ISALT,"Rue du Cornet 53, 1040 Etterbeek",26.72,149.99,C,5
0458.880.274,Haute Ecole Galilée - HEG,5 - Enseignement supérieur,HEG-Locaux bis- ISSIG - ISPG,"Rue Royale 326, 1030 Schaerbeek",33.27,146.45,C+,5
0458.880.274,Haute Ecole Galilée - HEG,1 - Services administratifs,HEG-Services Généraux - ISSIG - ISPG,"Rue Royale 328, 1030 Schaerbeek",31.64,145.78,B,1
0316.380.841,Ministère de la Communauté flamande,1 - Services administratifs,Hotel Errera,"Rue Royale 14, 1000 Bruxelles",78.01,448.58,E+,1
0240.682.635,Commission communautaire flamande,1 - Services administratifs,Huis van het Onderwijs,"Rue Marcq 18, 1000 Bruxelles",38.57,225.11,C+,1
0413.310.268,Institut de la Sainte Famille d'Helmet ASBL,3 - Enseignement du jour OU du soir,Institut de la Sainte-Famille d'Helmet,"Rue Chaumontel 5, 1030 Schaerbeek",20.42,116.69,C+,3
0409.897.056,Centre d'éducation et de culture Instituts de l'Enfant-Jésus et de Sainte-Agnès,3 - Enseignement du jour OU du soir,Institut de l'Enfant-Jésus,"Rue Général Leman 74, 1040 Etterbeek",24.16,138.24,C,3
0409.855.880,Institut des Ursulines,3 - Enseignement du jour OU du soir,Institut des Ursulines (Ganshoren),"Rue de Ganshoren 53, 1081 Koekelberg",17.45,98.51,B-,3
0406.653.494,Communauté éducative Sainte-Marie de Schaerbeek et Saint-Josse,3 - Enseignement du jour OU du soir,Institut La Sagesse - Philomène,"Rue Potagère 74, 1210 Saint-Josse-ten-Noode",25.15,108.51,C+,3
0410.216.562,Institut Marie Immaculée Montjoie,3 - Enseignement du jour OU du soir,Institut Marie Immaculée Montjoie,"Petite rue des Loups 34, 1070 Anderlecht",23.66,136.2,C,3
0410.216.562,Institut Marie Immaculée Montjoie,3 - Enseignement du jour OU du soir,Institut Marie Immaculée Montjoie,"Avenue Winston Churchill 213, 1180 Uccle",25.74,144.28,C,3
0410.216.562,Institut Marie Immaculée Montjoie,3 - Enseignement du jour OU du soir,Institut Marie Immaculée Montjoie,"Rue des Résédas 51, 1070 Anderlecht",19.27,110.75,C+,3
0410.216.562,Institut Marie Immaculée Montjoie,3 - Enseignement du jour OU du soir,Institut Marie Immaculée Montjoie,"Avenue Montjoie 97, 1180 Uccle",26.18,148.51,C-,3
0410.216.562,Institut Marie Immaculée Montjoie,3 - Enseignement du jour OU du soir,Institut Marie Immaculée Montjoie,"Chaussée de Mons 1017, 1070 Anderlecht",33.06,191.67,D,3
0410.216.562,Institut Marie Immaculée Montjoie,3 - Enseignement du jour OU du soir,Institut Marie Immaculée Montjoie,"Rue Stanley 69, 1180 Uccle",23.73,135.08,C,3
0430.787.094,Centre scolaire Maris Stella - Notre-Dame de Lourdes,3 - Enseignement du jour OU du soir,Institut Maris Stella - Sterckx,"Rue Félix Sterckx 44, 1020 Bruxelles",32.31,124.3,C+,3
0430.787.094,Centre scolaire Maris Stella - Notre-Dame de Lourdes,3 - Enseignement du jour OU du soir,Institut Maris Stella - St-Lambert,"Rue Stevens-Delannoy 101, 1020 Bruxelles",30.56,117.76,C+,3
0406.466.721,Institut Notre Dame,3 - Enseignement du jour OU du soir,INSTITUT NOTRE-DAME,"Avenue d'Itterbeek 232, 1070 Anderlecht",14.9,86.77,B-,3
0417.191.852,Institut Notre Dame de Joie ,3 - Enseignement du jour OU du soir,Institut Notre-Dame de Joie,"Rue Ernest Allard 28, 1000 Bruxelles",17.83,104.97,B-,3
0430.787.094,Centre scolaire Maris Stella - Notre-Dame de Lourdes,3 - Enseignement du jour OU du soir,Institut Notre-Dame de Lourdes,"Rue Edmond Tollenaere 32, 1020 Bruxelles",21,121.3,C+,3
0406.466.721,Institut Notre Dame,3 - Enseignement du jour OU du soir,Institut Notre Dame - Jacobs-Procession (bâtiments ABC),"Rue Docteur Jacobs 47, 1070 Anderlecht",27.4,156.18,C-,3
0406.466.721,Institut Notre Dame,3 - Enseignement du jour OU du soir,Institut Notre-Dame (Rue de Fiennes 52-66),"Rue de Fiennes 66, 1070 Anderlecht",24.58,137.69,C,3
0406.466.721,Institut Notre Dame,3 - Enseignement du jour OU du soir,Institut Notre Dame - Willemijns,"Rue Adolphe Willemyns 231, 1070 Anderlecht",16.07,93.45,B-,3
0408.578.252,Institut Saint-André d'Ixelles ASBL,3 - Enseignement du jour OU du soir,Institut Saint-André d'Ixelles - Site Boondael ,"Chaussée de Boondael 216, 1050 Ixelles",29.8,154.78,C-,3
0408.578.252,Institut Saint-André d'Ixelles ASBL,3 - Enseignement du jour OU du soir,Institut Saint-André d'Ixelles - Site Hippodrome,"Avenue de l'Hippodrome 180, 1050 Ixelles",23.87,118.59,C+,3
0406.653.494,Communauté éducative Sainte-Marie de Schaerbeek et Saint-Josse,3 - Enseignement du jour OU du soir,Institut Saint-Augustin,"Rue de la Ruche 28, 1030 Schaerbeek",15.49,87.63,B-,3
0414.474.367,Institut Saint-Boniface-Parnasse - A.S.B.L.,3 - Enseignement du jour OU du soir,Institut Saint-Boniface - Viaduc,"Rue du Viaduc 82, 1050 Ixelles",16.11,83.25,B,3
0408.183.027,Comité scolaire Sainte-Alène,3 - Enseignement du jour OU du soir,"Institut Sainte-Alène  ""Ecole maternelle"" ","Avenue Kersbeek 130, 1190 Forest",29.86,167.28,C-,3
0864.212.788,INSTITUT SAINTE MARIE,3 - Enseignement du jour OU du soir,Institut Sainte-Marie,"Rue Emile Feron 5, 1060 Saint-Gilles",17.41,100.38,B-,3
0410.716.014,Institut Saint-Stanislas A.S.B.L.,3 - Enseignement du jour OU du soir,Institut Saint-Stanislas (fondamental et secondaire),"Avenue des Nerviens 115, 1040 Etterbeek",21.7,114.86,C+,3
0411.070.657,Institut St-Vincent de Paul - Uccle Forest - Secondaire,3 - Enseignement du jour OU du soir,Institut Saint-Vincent de Paul ,"Place Jean Vander Elst 25, 1180 Uccle",22.62,132.55,C,3
0414.474.367,Institut Saint-Boniface-Parnasse - A.S.B.L.,3 - Enseignement du jour OU du soir,Institut St-Boniface - Goffart,"Rue Goffart 47, 1050 Ixelles",20.31,101.78,B-,3
0696.977.167,Iriscare,1 - Services administratifs,Iriscare,"Rue Belliard 71, 1040 Bruxelles",43.8,265.78,C,1
0214.596.464,bpost,1 - Services administratifs,Ixelles Wery,"Rue Wéry 1, 1050 Ixelles",40.33,244.76,C,1
0949.383.342,Commission européenne,1 - Services administratifs,J-27,"Rue Joseph II 27, 1000 Bruxelles",41.37,254.94,C,1
0949.383.342,Commission européenne,1 - Services administratifs,J-30,"Rue Joseph II 30, 1000 Bruxelles",73.61,455.55,E+,1
0949.383.342,Commission européenne,1 - Services administratifs,J-54,"Rue Joseph II 54, 1000 Bruxelles",42.91,262.74,C,1
0949.383.342,Commission européenne,1 - Services administratifs,J-59,"Rue Joseph II 59, 1000 Bruxelles",48.32,295.71,C-,1
0949.383.342,Commission européenne,1 - Services administratifs,J-70,"Rue Joseph II 70, 1000 Bruxelles",45.94,278.85,C-,1
0949.383.342,Commission européenne,1 - Services administratifs,J-79,"Rue Joseph II 79, 1000 Bruxelles",49.12,303.4,C-,1
0949.383.342,Commission européenne,1 - Services administratifs,J-99,"Rue Joseph II 99, 1000 Bruxelles",39.45,241.66,C,1
0308.357.753,Service public fédéral Justice,1 - Services administratifs,Jan Jacobs,"Boulevard de Waterloo 80, 1000 Bruxelles",45.75,278.82,C-,1
0207.372.637,AC Watermael-Boitsfort,3 - Enseignement du jour OU du soir,"JARDIN D'ENFANTS COMMUNAL ""COLIBRI"" ","Place du Colibri 1, 1170 Watermael-Boitsfort",43.51,246.49,E+,3
0207.372.637,AC Watermael-Boitsfort,3 - Enseignement du jour OU du soir,"JARDINS D'ENFANTS COMMUNAUX ""NAIADES""","Avenue des Naïades 21A, 1170 Watermael-Boitsfort",57.8,326.03,F,3
0214.596.464,bpost,1 - Services administratifs,Jette Ferdinand Lenoir,"Rue Ferdinand Lenoir 29, 1090 Jette",55.55,351.56,D,1
0811.322.648,FoCI,11 - Théatres et centres culturels,Kaaitheater,"Quai des Péniches 2, 1000 Bruxelles",32.39,190.82,C,11
0214.596.464,bpost,1 - Services administratifs,Koekelberg Carriere,"Rue de la Carrière 21, 1081 Koekelberg",82.09,476.47,E,1
0478.379.452,SINT-GOEDELE BRUSSEL,2 - Crèches,KOL De Kollebloem,"Rue Général Fivé 38, 1040 Etterbeek",27.15,160.88,B-,2
0478.379.452,SINT-GOEDELE BRUSSEL,2 - Crèches,KOL Harlekijntje,"Rue Jean Tiebackx 13, 1090 Jette",20.67,122.43,B,2
0478.379.452,SINT-GOEDELE BRUSSEL,2 - Crèches,KOL Scheutje,"Chaussée de Ninove 339, 1070 Anderlecht",20.68,122.24,B,2
0406.633.304,Provincialaat der Broeders van Liefde,3 - Enseignement du jour OU du soir,Koninklijk Instituut Woluwe ,"Avenue Georges Henri 278, 1200 Woluwe-Saint-Lambert",29.96,156.47,C-,3
0949.383.342,Commission européenne,1 - Services administratifs,L102,"Rue de la Loi 102, 1040 Bruxelles",37.34,224.64,C+,1
0949.383.342,Commission européenne,1 - Services administratifs,L130,"Rue de la Loi 130, 1040 Bruxelles",56.28,341.85,D+,1
0949.383.342,Commission européenne,1 - Services administratifs,L-15,"Rue de la Loi 15, 1040 Bruxelles",46.24,284.07,C-,1
0949.383.342,Commission européenne,1 - Services administratifs,L-41,"Rue de la Loi 41, 1040 Bruxelles",50.65,311.49,D+,1
0949.383.342,Commission européenne,1 - Services administratifs,L-56,"Rue de la Loi 56, 1040 Bruxelles",48.14,294.85,C-,1
0949.383.342,Commission européenne,1 - Services administratifs,L-84-86,"Rue de la Loi 86, 1040 Bruxelles",62.31,379.15,D,1
0207.202.193,COMMUNE DE SAINT-JOSSE-TEN-NOODE,11 - Théatres et centres culturels,la Jazz Station,"Chaussée de Louvain 193A, 1210 Saint-Josse-ten-Noode",20.6,120.71,B-,11
0207.202.193,COMMUNE DE SAINT-JOSSE-TEN-NOODE,"8 - Maisons de repos, maisons de revalidation et de soins et services similaires, établissements pénitentiaires",La Maison de la famille,"Rue de Liedekerke 112, 1210 Saint-Josse-ten-Noode",16.37,94.96,B+,8
0207.365.610,Administration communale d'Etterbeek,2 - Crèches,L'Angerie,"Avenue des Volontaires 128, 1040 Etterbeek",42.09,244.26,C,2
0207.202.193,COMMUNE DE SAINT-JOSSE-TEN-NOODE,3 - Enseignement du jour OU du soir,La nouvelle école,"Place Saint-Josse 12, 1210 Saint-Josse-ten-Noode",34.14,198.86,D,3
0308.356.862,SPF Intérieur,1 - Services administratifs,"Laurentide - Conseil du Contentieux des Etrangers, Rue Gaucheret 92-94","Rue du Progrès 233, 1030 Schaerbeek",69.94,418.01,D-,1
0207.372.637,AC Watermael-Boitsfort,11 - Théatres et centres culturels,La Vènerie - Espace Delvaux,"Rue Gratès 3, 1170 Watermael-Boitsfort",32.87,176.21,C,11
0212.347.747,CPAS Molenbeek - Saint - Jean,1 - Services administratifs,Le centre,"Rue Alphonse Vandenpeereboom 14, 1080 Molenbeek-Saint-Jean",30.01,179.66,B-,1
0418.310.916,Les vraies richesses,"8 - Maisons de repos, maisons de revalidation et de soins et services similaires, établissements pénitentiaires",Les vraies richesses,"Rue de la Procession 24, 1070 Anderlecht",35.7,206.16,C+,8
0949.383.342,Commission européenne,1 - Services administratifs,LX40,"Rue du Luxembourg 40, 1000 Bruxelles",40.04,245.33,C,1
0949.383.342,Commission européenne,1 - Services administratifs,LX46/MO59,"Rue du Luxembourg 46, 1000 Bruxelles",37.82,229.51,C,1
0207.202.193,COMMUNE DE SAINT-JOSSE-TEN-NOODE,4 - Enseignement du jour ET du soir,Lycée Guy Cudell,"Rue de Liedekerke 66, 1210 Saint-Josse-ten-Noode",24.02,137.18,C,4
0430.786.995,Centre scolaire Maria Assumpta,3 - Enseignement du jour OU du soir,Lycée Maria Assumpta,"Avenue Wannecouter 76, 1020 Bruxelles",20.45,94.72,B-,3
0949.383.342,Commission européenne,1 - Services administratifs,MADO,"Place Madou 1, 1210 Saint-Josse-ten-Noode",54.55,333.27,D+,1
0212.347.747,CPAS Molenbeek - Saint - Jean,"8 - Maisons de repos, maisons de revalidation et de soins et services similaires, établissements pénitentiaires",Maison d'accueil le relais,"Rue Vandenboogaerde 64, 1080 Molenbeek-Saint-Jean",38.35,218.8,C+,8
0422.949.692,Vrije Katholieke School Schaarbeek-Noord,3 - Enseignement du jour OU du soir,Mariaschool,"Rue Rubens 108, 1030 Schaerbeek",24.11,137.72,C,3
0949.383.342,Commission européenne,1 - Services administratifs,MO34,"Rue Montoyer 34, 1000 Bruxelles",60.44,372.47,D,1
0214.596.464,bpost,1 - Services administratifs,Molenbeek-Saint-Jean Osseghem,"Rue de la Mélopée 36, 1080 Molenbeek-Saint-Jean",64.59,326.84,D+,1
0214.596.464,bpost,1 - Services administratifs,Molenbeek-Saint-Jean Rue Dubois-Thorn ,"Rue Dubois-Thorn 2, 1080 Molenbeek-Saint-Jean",41.77,264.37,C,1
0416.862.349,Clinique Sanatia - Centre médico-social Sanatia,"8 - Maisons de repos, maisons de revalidation et de soins et services similaires, établissements pénitentiaires",MSP,"Rue de Venise 50, 1050 Ixelles",57.19,319.6,C-,8
0416.862.349,Clinique Sanatia - Centre médico-social Sanatia,"8 - Maisons de repos, maisons de revalidation et de soins et services similaires, établissements pénitentiaires",MSP,"Rue du Collège 45, 1050 Ixelles",38.56,226.96,C+,8
0949.383.342,Commission européenne,1 - Services administratifs,N105,"Avenue des Nerviens 105, 1040 Etterbeek",61.86,373.09,D,1
0308.357.159,SPF Finances,1 - Services administratifs,North Galaxy,"Boulevard du Roi Albert II 33, 1030 Schaerbeek",56.89,351.22,D,1
0206.737.484,L'Office national de l'emploi,1 - Services administratifs,Office national de l'emploi,"Chaussée de Charleroi 60, 1060 Saint-Gilles",23.87,145.53,B,1
0206.731.645,Office national de Sécurité sociale,1 - Services administratifs,Office National de Sécurité Sociale (ONSS),"Place Victor Horta 11, 1060 Saint-Gilles",41.07,251.74,C,1
0206.732.932,ONVA,1 - Services administratifs,Office National des Vacances Annuelles,"Rue Montagne aux Herbes Potagères 48, 1000 Bruxelles",36.07,215.64,C+,1
0240.682.635,Commission communautaire flamande,3 - Enseignement du jour OU du soir,Onderwijsinstelling Kasterlinden,"Rue de Grand-Bigard 434, 1082 Berchem-Sainte-Agathe",24.97,151.61,C-,3
0949.383.342,Commission européenne,1 - Services administratifs,ORBN,"Square Frère-Orban 8, 1040 Bruxelles",40.8,252.46,C,1
0865.537.829,SPP Politique scientifique,1 - Services administratifs,Oude Building Sociale Voorzorg,"Square de l'Aviation 31, 1070 Anderlecht",25.88,149.65,B,1
0895.408.978,Palais des Beaux-Arts de Bruxelles,11 - Théatres et centres culturels,Palais des Beaux-Arts,"Rue Ravenstein 23, 1000 Bruxelles",113.85,690.79,G,11
0949.383.342,Commission européenne,2 - Crèches,PALM,"Avenue Palmerston 6, 1000 Bruxelles",46.63,232.79,C,2
0850.012.483,Parlement de la Communauté française,1 - Services administratifs,Parlement de la Fédération Wallonie Bruxelles,"Rue Royale 72, 1000 Bruxelles",76.01,463.81,E,1
0316.380.841,Ministère de la Communauté flamande,1 - Services administratifs,Place de Louvain 12,"Place de Louvain 12, 1000 Bruxelles",31.67,182.64,B-,1
0949.383.342,Commission européenne,1 - Services administratifs,PLB3,"Rue Philippe Le Bon 1, 1000 Bruxelles",62.79,382.23,D-,1
"0208.312.646,0314.595.348","Régie Des Bâtiments,SPF Economie, PME, Classes moyennes et Energie",1 - Services administratifs,Régie des bâtiments,"Avenue de la Toison d'Or 87, 1060 Saint-Gilles",63.61,391.77,D-,1
0212.347.747,CPAS Molenbeek - Saint - Jean,"8 - Maisons de repos, maisons de revalidation et de soins et services similaires, établissements pénitentiaires",Résidence Arcadia,"Rue Ferdinand Elbers 20, 1080 Molenbeek-Saint-Jean",81.15,469.43,E+,8
0308.357.951,SPF Chancellerie du Premier Ministre,1 - Services administratifs,RESIDENCE PALACE,"Rue de la Loi 155, 1040 Bruxelles",38.5,232.29,C,1
0869.909.460,Police Fédérale,1 - Services administratifs,Rijksadministratief centrum,"Rue Royale 202A, 1000 Bruxelles",52.19,327.98,D+,1
"0458.880.274,0408.429.584","Haute Ecole Galilée - HEG,Odisee",5 - Enseignement supérieur,Rue Royale 336,"Rue Royale 336, 1030 Schaerbeek",31.23,188.73,C-,5
"0429.413.852,0214.596.464","Institut des Filles de Marie à Saint-Gilles,bpost",1 - Services administratifs,Saint-Gilles Barriere,"Rue Sterckx 5, 1060 Saint-Gilles",59.19,374.6,D,1
0214.596.464,bpost,1 - Services administratifs,Saint-Josse-Ten-Noode Place de Saint-Josse,"Rue de Bruyn 27, 1210 Saint-Josse-ten-Noode",85.17,503.14,E-,1
0207.202.193,COMMUNE DE SAINT-JOSSE-TEN-NOODE,10 - Centres sportifs,Salle des Sports Nelson Mandela,"Rue Verte 50, 1210 Saint-Josse-ten-Noode",27.86,166.5,B,10
0207.202.193,COMMUNE DE SAINT-JOSSE-TEN-NOODE,10 - Centres sportifs,Salle omnisports Guy Cudell,"Rue des Deux Eglises 107, 1210 Saint-Josse-ten-Noode",31.96,184.54,B-,10
0949.383.342,Commission européenne,1 - Services administratifs,SC11,"Rue de la Science 11, 1000 Bruxelles",49.97,304.1,C-,1
0214.596.464,bpost,1 - Services administratifs,Schaerbeek Rogier,"Avenue Rogier 162, 1030 Schaerbeek",37.41,222.35,C+,1
0214.596.464,bpost,1 - Services administratifs,Schaerbeek Sainte-Marie,"Rue Royale-Sainte-Marie 90, 1030 Schaerbeek",50.28,318.23,D+,1
0222.869.673,Sibelga,1 - Services administratifs,Sibelga,"Quai des Usines 16, 1000 Bruxelles",42.08,254.61,C,1
0236.916.956,Bruxelles Environnement,1 - Services administratifs,Siège de Tours et Taxis,"Avenue du Port 86C, 1000 Bruxelles",25.78,160.87,B-,1
0549.927.147,SILVA MEDICAL,"8 - Maisons de repos, maisons de revalidation et de soins et services similaires, établissements pénitentiaires",SILVA medical,"Rue Ferdinand Elbers 24, 1080 Molenbeek-Saint-Jean",75.44,448.42,D-,8
0478.379.452,SINT-GOEDELE BRUSSEL,3 - Enseignement du jour OU du soir,Sint-Guido-Instituut,"Place de Sainte-Adresse 12, 1070 Anderlecht",18.04,105.79,C+,3
0478.379.452,SINT-GOEDELE BRUSSEL,3 - Enseignement du jour OU du soir,Sint-Guido-Instituut,"Avenue d'Itterbeek 550, 1070 Anderlecht",26.75,127.84,C,3
0207.202.193,COMMUNE DE SAINT-JOSSE-TEN-NOODE,3 - Enseignement du jour OU du soir,Sint-Joost-aan-zee gemeentelijke basisschool,"Rue de la Limite 67, 1210 Saint-Josse-ten-Noode",31.8,183.93,D+,3
0478.379.452,SINT-GOEDELE BRUSSEL,3 - Enseignement du jour OU du soir,Sint-Jozefscollege & VBS Sint-Jozefscollege,"Boulevard de la Woluwe 18, 1150 Woluwe-Saint-Pierre",33.58,193.44,D,3
0478.379.452,SINT-GOEDELE BRUSSEL,3 - Enseignement du jour OU du soir,Sint-Pieterscollege & VBS Sint-Pieterscollege,"Rue Léon Theodor 167, 1090 Jette",26.75,153.45,C-,3
0406.798.006,SMALS,1 - Services administratifs,SMALS,"Avenue Fonsny 20, 1060 Saint-Gilles",46.35,287.17,C-,1
0949.383.342,Commission européenne,1 - Services administratifs,SPA2,"Rue de Spa 2, 1000 Bruxelles",37.12,227.16,C+,1
0949.383.342,Commission européenne,1 - Services administratifs,SPA3,"Rue de Spa 3, 1000 Bruxelles",36.23,220.85,C+,1
0308.357.159,SPF Finances,1 - Services administratifs,"SPF Finances, Documentation Patrimoniale, Fin Shop Brussels","Rue du Biplan 126, 1130 Bruxelles",20.74,108.47,B+,1
"0415.332.917,0432.950.590,0461.464.731","Service de Santé Mentale sectorisé de St-Gilles,Collectif Formation Société asbl,Starting-Block asbl",4 - Enseignement du jour ET du soir,Starting Block,"Rue de la Victoire 26, 1060 Saint-Gilles",34.37,199.74,D+,4
0240.682.635,Commission communautaire flamande,11 - Théatres et centres culturels,Théâtre jeune public BRONKS,"Rue du Marché aux Porcs 15, 1000 Bruxelles",41.26,247.86,D+,11
0214.596.464,bpost,1 - Services administratifs,Uccle Postillon,"Rue du Postillon 10, 1180 Uccle",64.92,393.81,D-,1
0214.596.464,bpost,1 - Services administratifs,Uccle Vanderkindere,"Rue Vanderkindere 171, 1180 Uccle",32.46,205.45,C+,1
0407.626.464,Université Libre de Bruxelles,5 - Enseignement supérieur,ULB : Campus de la Plaine,"Boulevard du Triomphe -, 1050 Ixelles",67.17,398.55,F,5
0478.379.452,SINT-GOEDELE BRUSSEL,3 - Enseignement du jour OU du soir,VBS De Groene School,"Rue de la Floraison 41, 1070 Anderlecht",17.53,110.05,C+,3
0478.379.452,SINT-GOEDELE BRUSSEL,3 - Enseignement du jour OU du soir,VBS Heilig-Hart,"Avenue du Sacré-Coeur 6, 1090 Jette",15.15,89.76,B-,3
0478.379.452,SINT-GOEDELE BRUSSEL,3 - Enseignement du jour OU du soir,VBS Heilig-Hartcollege,"Avenue des Gloires Nationales 126, 1083 Ganshoren",26.44,152.48,C-,3
0478.379.452,SINT-GOEDELE BRUSSEL,3 - Enseignement du jour OU du soir,VBS Lutgardis,"Rue Général Fivé 84, 1040 Etterbeek",25.84,157.36,C-,3
0478.379.452,SINT-GOEDELE BRUSSEL,3 - Enseignement du jour OU du soir,VBS Sint-Albert / KOL De Hummeltjes,"Rue Haeck 61, 1080 Molenbeek-Saint-Jean",36.13,206.82,D,3
0478.379.452,SINT-GOEDELE BRUSSEL,3 - Enseignement du jour OU du soir,VBS Sint-Guido & VBS Sint-Pieter & Sint-Guido-Instituut,"Rue Docteur Jacobs 49, 1070 Anderlecht",22.4,130.82,C,3
0478.379.452,SINT-GOEDELE BRUSSEL,3 - Enseignement du jour OU du soir,VBS Sint-Jozef,"Rue Vandernoot 52, 1080 Molenbeek-Saint-Jean",18.36,106.04,C+,3
0478.379.452,SINT-GOEDELE BRUSSEL,3 - Enseignement du jour OU du soir,VBS Sint-Lutgardis,"Rue Jean De Greef 3, 1083 Ganshoren",28.28,161.99,C-,3
0414.400.430,Sint-Martinusschool,3 - Enseignement du jour OU du soir,VBS Sint-Martinus,"Rue Paloke 79, 1080 Molenbeek-Saint-Jean",40.53,181.03,D+,3
0478.379.452,SINT-GOEDELE BRUSSEL,3 - Enseignement du jour OU du soir,VBS Sint-Michiels,"Rue Léopold I 362, 1090 Jette",27.45,156.1,C-,3
0202.962.701,VIVAQUA,1 - Services administratifs,"VIVAQUA		","Boulevard de l'Impératrice 17, 1000 Bruxelles",50.51,306.66,D+,1
0224.771.467,VMW,1 - Services administratifs,Vlaamse Maatschappij voor Watervoorziening,"Rue du Progrès 189, 1030 Schaerbeek",44.23,270.37,C-,1
0811.322.648,FoCI,11 - Théatres et centres culturels,Vlaams-Nederlands Huis de Buren,"Rue Léopold 6, 1000 Bruxelles",21.13,122.14,B-,11
0949.383.342,Commission européenne,1 - Services administratifs,VM18,"Rue Van Maerlant 18, 1040 Bruxelles",62.61,382,D-,1
0949.383.342,Commission européenne,1 - Services administratifs,VM-2,"Rue Van Maerlant 2, 1040 Bruxelles",47.65,286.27,C-,1
0949.383.342,Commission européenne,2 - Crèches,WALI,"Boulevard Clovis 53, 1000 Bruxelles",33.52,200.25,C+,2
0308.357.753,Service public fédéral Justice,1 - Services administratifs,Waterside,"Quai de Willebroeck 33, 1000 Bruxelles",41.42,253.43,C,1
0214.596.464,bpost,1 - Services administratifs,Woluwe-Saint-Pierre Thielemans,"Avenue Charles Thielemans 22, 1150 Woluwe-Saint-Pierre",70.39,445.49,E+,1
